<?xml version="1.0" encoding="UTF-8" standalone="yes"?>
<addon id="plugin.video.fusaro"
	name="Diego Fusaro"
	version="1.0.0"
	provider-name="Seriel">
  <requires>
    <import addon="xbmc.python" version="2.1.0"/>
    <import addon="script.module.addon.common" version="2.0.0"/>
    <import addon="plugin.video.youtube" version="5.0.0"/>
  </requires>
  <extension point="xbmc.python.pluginsource" library="default.py">
    <provides>video</provides>
  </extension>
  <extension point="xbmc.addon.metadata">
    <summary lang="it">Canale Youtube di Diego Fusaro</summary>
    <description lang="it">Canale di informazione</description>
    <platform>all</platform>
    <forum></forum>
    <website>http://www.serielsrl.it</website>
    <email>info@serielsrl.it</email>
  </extension>
</addon>
