<?xml version="1.0" encoding="UTF-8" standalone="yes"?>
<addon id="repository.seriel" name="Seriel Add-on repository" version="1.0.0" provider-name="Seriel [info@serielsrl.it]">
	<extension point="xbmc.addon.repository" name="Seriel's KODI Addon Repository">
	   <dir>
                <info compressed="false">https://raw.githubusercontent.com/Seriel/Kodi/master/zips/addons.xml</info>
		<checksum>https://raw.githubusercontent.com/Seriel/Kodi/master/zips/addons.xml.md5</checksum>
		<datadir zip="true">https://raw.githubusercontent.com/Seriel/Kodi/master/zips</datadir>		
	   </dir>
	</extension>
	<extension point="xbmc.addon.metadata">
		<summary>Install Seriel's KODI-addons</summary>
		<description>Download and install addons by Seriel</description>
		<platform>all</platform>
		<assets>
                    <icon>icon.png</icon>
                    <fanart>fanart.jpg</fanart>
                </assets>
	</extension>
</addon>
