<?xml version="1.0" encoding="UTF-8" standalone="yes"?>
<addon id="plugin.video.salvo" name="Salvo 5.0" version="1.0.6" provider-name="Seriel">
  <requires>
    <import addon="xbmc.python" version="2.1.0"/>    
    <import addon="script.module.parsedom" version="0.9.1"/>
  </requires>
  <extension point="xbmc.python.pluginsource" library="default.py">
    <provides>video</provides>
  </extension>
  <extension point="xbmc.addon.metadata">
    <platform>all</platform>
    <summary lang="it">Salvo 5.0</summary>
    <summary lang="en">Salvo 5.0</summary>
    <description lang="it">Canale di salvo 5.0.</description>
    <description lang="en">Channel of salvo 5.0.</description>
    <disclaimer lang="it">Alcune parti di questo addon potrebbero non essere legali nel tuo paese di residenza. Si prega di verificare la legislazione in vigore prima di installare.</disclaimer>
    <disclaimer lang="en">Some parts of this addon may not be legal in your country of residence. Please check with your local laws before installing.</disclaimer>
    <language>it</language>
    <license>GNU GENERAL PUBLIC LICENSE. Version 3, 29 June 2007</license>
    <forum></forum>
    <website>http://www.serielsrl.it</website>
    <email>info@serielsrl.it</email>
    <source>https://github.com/Seriel/Kodi/raw/master/plugin.video.salvo</source>
  </extension>
</addon>