<?xml version="1.0" encoding="UTF-8" standalone="yes"?>
<addon id="plugin.video.visionetv" name="Visione TV" version="1.0.0" provider-name="Andrea399">
  <requires>
    <import addon="xbmc.python" version="3.0.0"/>
    <import addon="script.module.requests" version="0.0.0"/>
    <import addon="script.module.inputstreamhelper" version="0.0.0"/>
    <import addon="script.module.beautifulsoup4" version="0.0.0"/>
    <import addon="script.module.web-pdb" version="1.5.6"/>
    <import addon="plugin.video.youtube" version="5.0.0"/>
  </requires>
  <extension point="xbmc.python.pluginsource" library="addon.py">
    <provides>video</provides>
  </extension>
  <extension point="xbmc.addon.metadata">
    <reuselanguageinvoker>true</reuselanguageinvoker>
    <summary lang="en_GB">Visione TV</summary>
    <description lang="en_GB">Live Streaming, Replay of Visione TV </description>
    <summary lang="it_IT">Visione TV</summary>
    <description lang="it_IT">Diretta Live, Rivedi le puntate di Visione TV </description>
    <language>it</language>
    <platform>all</platform>
    <license>GPL-3.0-only</license>
    <forum></forum>
    <website>https://www.visionetv.it</website>
    <email>a.sant@serielsrl.it</email>
    <source>https://raw.githubusercontent.com/Seriel/Kodi/master/repo/zips/plugin.video.visionetv</source>
    <assets>
      <icon>resources/icon.png</icon>
      <fanart>resources/fanart.jpg</fanart>
      <screenshot>resources/screenshots/screenshot-00.jpg</screenshot>
      <screenshot>resources/screenshots/screenshot-01.jpg</screenshot>
      <screenshot>resources/screenshots/screenshot-02.jpg</screenshot>
    </assets>
    <news> - Prima versione</news>
  </extension>
</addon>
